Act,Section,Title,Speaking Script / Key Points,Duration Hint
ACT 1,Scene Setting,Meet Ramesh,"Imagine Ramesh — a 45-year-old man who owns a mid-sized supermarket in Lucknow. He's been running this store for 12 years. Wakes up at 5 AM, drives to the wholesale market, stocks shelves by 8 AM, then stands behind the counter for 14 hours — watching, counting, guessing. Every day he faces three invisible enemies silently killing his business.",30 seconds
ACT 1,Enemy #1,The Ghost Shelves,"It's 4 PM on a Saturday — the busiest hour. A mother walks into the dairy section looking for Amul butter. The shelf is empty. She checks again. Still empty. She sighs and walks out. Ramesh doesn't know this happened. He's at the billing counter. That shelf has been empty since noon — four hours of lost sales and he has no idea. This happens 40% of the time across Indian retail. Stock-outs go completely undetected. The only monitoring system is a tired employee doing a manual walkthrough — maybe once a day. Total cost: Rs 1.2 lakh crore lost to inventory shrinkage every year across India.",45 seconds
ACT 1,Enemy #2,The Queue That Kills Sales,"It's 7 PM now. Evening rush has hit. Ramesh has 3 billing counters but only 2 are open because he didn't expect the rush this early. Counter 2 has 14 people waiting. A young couple at the back checks the time and quietly puts their basket on a shelf and leaves. Cart abandonment. Ramesh just lost Rs 2200 in sales because of an 11-minute wait. 67% of Indian shoppers have abandoned a purchase due to long queues. By the time Ramesh realizes Counter 3 should be open — the damage is already done. He's always reacting and never predicting.",40 seconds
ACT 1,Enemy #3,The Blindfold,"Here's the deepest problem: Ramesh has zero data about his own store. How many customers walked in today? He doesn't know. Which aisle gets the most traffic? He guesses. Do customers spend time near his promotional display? He hopes so. Is his store layout working? No idea. He's running a Rs 2 crore per year business with the same tools his father used in 1990 — his eyes his memory and his gut feeling. 65% of Indian retail stores have absolutely zero digital analytics. They're flying blind in a $950 billion market.",40 seconds
ACT 2,Existing Solutions Fail,Flaw 1 — Cloud Dependency,"Most retail analytics platforms upload video to cloud servers thousands of kilometers away. This requires constant high-speed internet — 5 to 20 Mbps per camera continuously. 40% of India's Tier-2 and Tier-3 cities have unreliable internet. Connection drops during rain and slows during peak hours. When internet goes down the entire analytics system goes down with it. That's not a solution — that's a liability.",30 seconds
ACT 2,Existing Solutions Fail,Flaw 2 — Privacy Nightmare,"When you upload video to the cloud you're sending footage of every customer — their faces movements and behavior — to servers you don't control. India's DPDP Act 2023 makes this a serious legal risk. Customers don't want their faces analyzed in data centers. Regulators don't allow it. One privacy breach can destroy a retailer's reputation overnight. Existing solutions treat privacy as a checkbox. We need it to be a foundation.",25 seconds
ACT 2,Existing Solutions Fail,Flaw 3 — Too Expensive,"Enterprise retail analytics costs Rs 15000 to Rs 30000 per store per month. Ramesh's monthly profit? Maybe Rs 1.5 lakh on a good month. Spending Rs 30000 on analytics is 20% of his profit — impossible to justify. For 12 million kirana stores across India? They're completely locked out of the AI revolution. The irony: the retailers who need analytics the most are the ones who can't afford it.",25 seconds
ACT 3,The Breakthrough,Introducing RetailEdge AI,"This is where RetailEdge AI enters the story. We asked a simple but radical question: What if the AI didn't need the cloud at all? What if instead of sending video to a distant server we brought the intelligence directly to the camera? What if a small affordable edge device sitting right in Ramesh's store could do everything a cloud server does — but faster cheaper more private and without needing internet? That's exactly what we built.",30 seconds
ACT 3,The Core Idea,How It Works,"RetailEdge AI connects standard IP cameras to a small on-device AI processor powered by Qualcomm's AI Engine. Camera captures video — edge device processes it locally — business insights appear instantly. No video leaves the store ever. No internet required. No faces stored. People are detected as anonymous shapes. Latency: under 50 milliseconds. Real-time not real-time-after-a-500ms-round-trip-to-AWS.",30 seconds
ACT 3,Step 1,CAPTURE,"We mount 4-6 standard IP cameras at strategic positions: Entry/Exit for counting who comes in and goes out. Shelf Aisles for watching product levels. Billing Counters for monitoring queue lengths. These are regular Rs 3000-5000 cameras streaming via RTSP protocol to our edge device. No special hardware needed.",20 seconds
ACT 3,Step 2,ANALYZE,"A small edge box — roughly the size of a WiFi router — sits in the store's back office. Inside: Qualcomm QCS8550 SoC with dedicated AI Engine and Hexagon DSP. Running YOLOv8-nano for real-time object detection. DeepSORT for multi-person tracking. MobileNetV3 for product recognition on shelves. LSTM networks for queue time prediction. Every frame from every camera analyzed on this device in under 50 milliseconds. The system sees people as anonymous bounding boxes — never faces. Products present or absent on shelves. Queues — how many people and how fast they're moving.",30 seconds
ACT 3,Step 3,DECIDE,"The analytics engine aggregates detections into business metrics: Footfall today 2847 visitors — 12% up from last Monday. Electronics aisle 421 visitors with 7.1 min average dwell time — your new display is working. Dairy shelf Amul butter slot empty for 23 minutes. Counter 3 has 11 people waiting — estimated 14-minute wait — expected to reach 15 people in 8 minutes. It doesn't just report — it predicts. Using historical patterns and real-time data it forecasts what's about to go wrong before it happens.",25 seconds
ACT 3,Step 4,ACT,"Insights are worthless if nobody acts. So: Ramesh's phone buzzes — Dairy shelf stock critical. Amul butter empty for 23 min. Dispatch staff. The floor manager's app shows — Open Counter 3 now. Queue will exceed 15 people in 8 minutes. The dashboard shows live heatmap and real-time KPIs. At night an automated report arrives with daily footfall peak hours stock-out incidents and queue performance. From camera to decision in under 50 milliseconds. From blind guessing to data-driven management.",25 seconds
ACT 4,Superpower 1,Works Without Internet,"This isn't a nice-to-have feature — this is the entire point. In Tier-2 and Tier-3 India internet goes down every other day. Cloud solutions stop working. Ours doesn't. The edge device processes everything locally and stores analytics data locally. When internet comes back it can optionally sync summaries to the cloud for multi-store monitoring. But the core system never stops — even during a cyclone. Cloud analytics in India is like building a house on sand. Edge AI is building it on rock.",30 seconds
ACT 4,Superpower 2,Privacy Is the Architecture,"We didn't add privacy later. We designed the system so that privacy violations are architecturally impossible. No facial recognition — we detect people as shapes and skeletons. No PII stored — anonymous IDs reset every session. No video uploaded — raw frames discarded after processing. No cloud dependency — data never leaves the store. Full DPDP Act compliance. When a regulator asks where's the customer data the answer is: there is none. We only have aggregate statistics. You can't leak what you never collected.",30 seconds
ACT 4,Superpower 3,Affordable for Every Indian Retailer,"Kirana store with 1-2 cameras: Rs 15-25K one-time and Rs 2-3K per month. Supermarket with 4-8 cameras: Rs 75K-1.5L one-time and Rs 5-8K per month. Retail chain with 10+ cameras: Rs 2-5L per store one-time and Rs 8-15K per month. Compare to cloud solutions at Rs 15-30K per month. We're 50-70% cheaper and deliver better faster more private analytics. For Ramesh? Investment pays back in 6-8 months through 3-5% revenue recovery from fewer stock-outs and 40% reduction in cart abandonment and 25% better staff efficiency.",30 seconds
ACT 5,Transformation,Ramesh's Store — Six Months Later,"Let's go back to Ramesh. Six months after installing RetailEdge AI: He knows exactly 2847 customers walked in today — 12% more than last Monday. He knows the Amul butter shelf went empty at 11:47 AM and his staff refilled it by 11:51 AM because they got a push notification within seconds. He knows the evening rush starts at 6:15 PM on Thursdays so he pre-opens Counter 3 at 6:00 PM — queue complaints down 35%. He knows nobody visits the household aisle between 2-4 PM so he moved his promotional display to the snacks section where the heatmap showed maximum traffic — promoted product sales up 22%. Monthly revenue up 15%. Not from expansion. Not from discounts. Just from knowing what's happening in his own store.",45 seconds
ACT 5,How It Happened,The Simplicity,"Ramesh didn't hire a data science team. He didn't install a Rs 50 lakh analytics platform. He plugged in 4 cameras and a box the size of a WiFi router. And his store got smarter overnight.",15 seconds
ACT 6,Vision,Scaling Across India,"Ramesh is one store. India has 14 million. Our modular architecture means: start small — even 1 camera is useful. Scale up — add cameras and features with no redesign. Scale out — multi-store dashboard for retail chains. Deploy fast — Docker containerized plug-and-play edge devices. The goal: make data-driven retail intelligence as common as a UPI QR code in every Indian store.",25 seconds
ACT 6,Roadmap,Post-Hackathon Plan,"Q1 2026: Pilot in 3 stores and optimize models on Qualcomm SNPE. Q2 2026: Feature-complete product with POS integration and mobile app launch. Q3 2026: 50-store deployment with automated model retraining. Q4 2026: Pan-India market launch and retail chain partnerships.",15 seconds
CLOSING,One-Line Pitch,The Elevator Pitch,"We put an AI brain inside every Indian retail store — one that sees everything remembers nothing personal works without internet and pays for itself in six months.",10 seconds
CLOSING,Final Words,Closing Statement,"Every minute somewhere in India a customer walks out of a store because the product they wanted wasn't on the shelf. Or because the queue was too long. Or because the store didn't know they were even there. RetailEdge AI changes that — not with expensive cloud servers not with privacy-invasive surveillance not with solutions only Reliance Retail can afford — but with a small smart affordable edge device that any retailer in any city in India can deploy. We're not building analytics for the top 1% of Indian retail. We're building it for the other 99%. Thank you.",30 seconds
